<?xml version="1.0" encoding="UTF-8"?>

<Configuration xmlns="http://logging.apache.org/log4j/2.0/config">

	<Appenders>
		<Console
			name="Console"
			target="SYSTEM_OUT"
			>
			<PatternLayout
				pattern="%d{yyyy-MM-dd/HH:mm:ss.SSS/zzz} [%t] %-5level %logger{36} - %msg%n"
				/>
		</Console>
	</Appenders>

	<Loggers>

		<Logger
			name="com.nielsen.book"
			level="DEBUG"
			additivity="false"
			>
			<AppenderRef
				ref="Console"
				/>
		</Logger>
		<Logger
			name="com.isomorphic"
			level="DEBUG"
			additivity="false"
			>
			<AppenderRef
				ref="Console"
				/>
		</Logger>
		<Logger
			name="org.eclipse.jetty"
			level="INFO"
			additivity="false"
			>
			<AppenderRef
				ref="Console"
				/>
		</Logger>
		<Logger
			name="com.gargoylesoftware.htmlunit"
			level="INFO"
			additivity="false"
			>
			<AppenderRef
				ref="Console"
				/>
		</Logger>

		<Root
			level="INFO"
			>
			<AppenderRef
				ref="Console"
				/>
		</Root>

	</Loggers>

</Configuration>
